{"ds": [{"edges": [["a", "b", 1.0], ["a", "c", 2.0], ["b", "c", 5.0]], "node_position": {"a": [-1.0, -0.24583122603112406], "b": [-0.7128960867865254, 1.0889410167999072], "c": [0.7128960867865248, -0.743109790768783]}}], "data1": [{"edges": [["o", "z", 1.0], ["z", "a", 2.0], ["a", "t", 5.0], ["t", "l", 4.0], ["l", "m", 2.0], ["m", "d", 6.0], ["d", "c", 1.0], ["c", "r", 2.0], ["c", "p", 4.0], ["p", "r", 2.0], ["r", "s", 2.0], ["s", "f", 7.0], ["f", "b", 3.0], ["b", "p", 1.0], ["b", "u", 6.0], ["u", "h", 5.0], ["h", "e", 4.0], ["u", "v", 2.0], ["v", "k", 3.0], ["k", "n", 2.0], ["g", "b", 6.0], ["f", "n", 3.0]], "node_position": {"o": [-0.3022951552202974, 1.7325943875344973], "z": [-1.107489461701448, 1.6700288371711582], "a": [-2.0284584448124034, 1.4639046663934403], "s": [-1.066697623632934, 1.0369295208053781], "t": [-2.0751678969935154, 0.41857642688639063], "l": [-1.3396047242876497, 0.48796518807433276], "m": [-1.8093900243006735, -0.3225324757563284], "d": [-1.6861001128523423, -1.2116862479126012], "c": [-0.8795739462384351, -1.171080632595177], "r": [-1.0247686149403838, -0.014555072267720653], "p": [-0.3539117452308629, -0.4052706976638103], "f": [-0.3634721386312635, 0.6321353675132877], "b": [0.3993812025766379, -0.7575428525940473], "u": [0.7430780650171938, 0.14054995672886395], "h": [1.272823976040708, -0.31659429373200676], "e": [1.5450019210264416, -0.9881190329725329], "v": [1.421727896948707, 0.7269605611186861], "k": [1.234916827232519, 1.5760952982389442], "n": [0.4, 1.701641095029246], "g": [0.7, -1.4000000000000001]}}]}